epoch,time,train/loss,metrics/accuracy_top1,metrics/accuracy_top5,val/loss,lr/pg0,lr/pg1,lr/pg2
1,16.685,1.26344,0.71264,1,0.77322,0.000321429,0.000321429,0.0681786
2,29.9142,0.51984,0.83908,1,0.45096,0.000638557,0.000638557,0.0351624
3,41.9183,0.30414,0.83908,1,0.7025,0.000939185,0.000939185,0.00212966
4,54.1068,0.24543,0.83908,1,0.72861,0.00092575,0.00092575,0.00092575
5,66.8337,0.21097,0.86207,1,0.53236,0.000901,0.000901,0.000901
6,79.2688,0.18486,0.8046,0.98851,0.64936,0.00087625,0.00087625,0.00087625
7,92.6952,0.1505,0.82759,1,0.52431,0.0008515,0.0008515,0.0008515
8,104.48,0.12946,0.86207,1,0.60576,0.00082675,0.00082675,0.00082675
9,116.987,0.09948,0.83908,1,0.42133,0.000802,0.000802,0.000802
10,129.641,0.09821,0.82759,1,0.76574,0.00077725,0.00077725,0.00077725
11,142.069,0.08578,0.87356,1,0.58406,0.0007525,0.0007525,0.0007525
12,155.325,0.07589,0.88506,1,0.4968,0.00072775,0.00072775,0.00072775
13,168.745,0.05928,0.89655,1,0.63009,0.000703,0.000703,0.000703
14,180.609,0.06197,0.90805,1,0.67194,0.00067825,0.00067825,0.00067825
15,192.859,0.0715,0.89655,1,0.62193,0.0006535,0.0006535,0.0006535
16,204.765,0.05356,0.87356,1,0.66884,0.00062875,0.00062875,0.00062875
17,217.744,0.05215,0.86207,1,0.49906,0.000604,0.000604,0.000604
18,230.865,0.04671,0.86207,1,0.41879,0.00057925,0.00057925,0.00057925
19,244.341,0.05543,0.86207,1,0.61806,0.0005545,0.0005545,0.0005545
20,256.824,0.0276,0.89655,1,0.49995,0.00052975,0.00052975,0.00052975
21,269.577,0.02538,0.88506,1,0.53729,0.000505,0.000505,0.000505
22,281.307,0.03109,0.87356,1,0.66122,0.00048025,0.00048025,0.00048025
