epoch,phase,train_loss,train_accuracy,train_macro_f1,val_loss,val_accuracy,val_macro_f1
1,head,1.6105718194151954,0.41294964028776976,0.4015336509685579,1.371321985091286,0.5977011494252874,0.5581342982658772
2,head,1.1933857856036947,0.6848920863309352,0.6657163438239962,1.1302722678787407,0.6436781609195402,0.6407667876588021
3,head,1.0035176885213783,0.7194244604316546,0.7122496542736556,1.0060915809938278,0.632183908045977,0.6156602254428342
4,head,0.8807683488447889,0.7438848920863309,0.7392195763607888,0.917100278810523,0.6781609195402298,0.674592047432355
5,head,0.8004082506509136,0.7654676258992805,0.7643841571968623,0.8657409377481745,0.6666666666666666,0.65089417183614
6,head,0.7581249191606645,0.7726618705035971,0.7712108486962069,0.8263687895632338,0.6896551724137931,0.6670685636202878
7,finetune,0.7238816783582563,0.7784172661870503,0.7721458589630199,0.7655791516961723,0.7126436781609196,0.6960847428290214
8,finetune,0.6373965311393464,0.8100719424460432,0.8047858488737448,0.7230194861861481,0.7701149425287356,0.7677715349758362
9,finetune,0.5631021594829696,0.8330935251798561,0.8325781431892528,0.6850244423438763,0.7471264367816092,0.7553464408438084
10,finetune,0.5299425216887494,0.8258992805755395,0.8242566512651034,0.6638878748334688,0.7586206896551724,0.7604935796062794
11,finetune,0.4995417550313387,0.8402877697841726,0.8369779433002767,0.6312074489977167,0.7931034482758621,0.7907775577920768
12,finetune,0.40787462304821975,0.883453237410072,0.8845493372089822,0.6169582345019812,0.7931034482758621,0.7974025974025974
13,finetune,0.4035013059917971,0.8892086330935252,0.8888209741807481,0.5938629925936117,0.8275862068965517,0.8291018798092242
14,finetune,0.3628428114403924,0.8848920863309353,0.8865376076823366,0.5907641272435243,0.8160919540229885,0.8135980948042659
15,finetune,0.33603747765794933,0.9064748201438849,0.9059138813842313,0.5489163809809191,0.8505747126436781,0.8450111952128081
16,finetune,0.3407134074101345,0.897841726618705,0.9019820469627304,0.5531476222235581,0.8505747126436781,0.850899650560092
17,finetune,0.3053835248346809,0.9093525179856116,0.9148578897390095,0.5336711797220953,0.8620689655172413,0.8601682039182039
18,finetune,0.26532379888373314,0.9294964028776979,0.9327318303611856,0.5391227596107571,0.8505747126436781,0.8457950329554743
